Workbook

Sheet Licencas
A1: ID | B1: Tipo de Licença | C1: Qtd. Licenças | D1: Fabricante | E1: Vendedor | F1: Status | G1: Data do Vencimento | H1: Status | I1: Dias para vencimento | J1: Responsável | K1: Status | L1: Contato | M1: telefone contato | N1: Observação
A2: 1 | B2: Microsoft Teams | C2: 1 | D2: Microsoft | E2: Dell | F2: =IF(G2<=TODAY(),Variaveis!$B$3,IF(G2<=TODAY()+30,Variaveis!$B$2,Variaveis!$B$1)) -> Válida | G2: 48964 | H2: =_xlfn.DAYS(G2,TODAY()) -> 2893 | I2: =DAYS360(TODAY(),G2) -> 2852 | J2: usuario.silveira@email.com | K2: Ativa
A3: 2 | B3: Microsoft Teams | C3: 20 | D3: Microsoft | E3: Vivo | F3: =IF(G3<=TODAY(),Variaveis!$B$3,IF(G3<=TODAY()+30,Variaveis!$B$2,Variaveis!$B$1)) -> Válida | G3: 47572 | H3: =_xlfn.DAYS(G3,TODAY()) -> 1501 | I3: =DAYS360(TODAY(),G3) -> 1482 | J3: usuaria.peres@email.com | K3: Ativa
A4: 3 | B4: Microsoft Teams | C4: 15 | D4: Microsoft | E4: Vivo | F4: =IF(G4<=TODAY(),Variaveis!$B$3,IF(G4<=TODAY()+30,Variaveis!$B$2,Variaveis!$B$1)) -> Válida | G4: 47218 | H4: =_xlfn.DAYS(G4,TODAY()) -> 1147 | I4: =DAYS360(TODAY(),G4) -> 1132 | J4: usuario.silveira@email.com | K4: Ativa
A5: 4 | B5: BackupExec | C5: 1 | D5: Veritas | E5: Brasoftware | F5: =IF(G5<=TODAY(),Variaveis!$B$3,IF(G5<=TODAY()+30,Variaveis!$B$2,Variaveis!$B$1)) -> Válida | G5: 50221 | H5: =_xlfn.DAYS(G5,TODAY()) -> 4150 | I5: =DAYS360(TODAY(),G5) -> 4092 | J5: usuaria.peres@email.com | K5: Ativa
A6: 5 | B6: TeamViewer | C6: 3 | D6: TeamViewer | E6: TeamViewer | F6: =IF(G6<=TODAY(),Variaveis!$B$3,IF(G6<=TODAY()+30,Variaveis!$B$2,Variaveis!$B$1)) -> Válida | G6: 50221 | H6: =_xlfn.DAYS(G6,TODAY()) -> 4150 | I6: =DAYS360(TODAY(),G6) -> 4092 | J6: usuario.silveira@email.com | K6: Ativa
A7: 6 | B7: JivoChaat | C7: 1 | D7: JivoChat | E7: JivoChat | F7: =IF(G7<=TODAY(),Variaveis!$B$3,IF(G7<=TODAY()+30,Variaveis!$B$2,Variaveis!$B$1)) -> Válida | G7: 50221 | H7: =_xlfn.DAYS(G7,TODAY()) -> 4150 | I7: =DAYS360(TODAY(),G7) -> 4092 | J7: usuaria.peres@email.com | K7: Cancelada | N7: Não será renovado de acordo com Lucio (respnsável pela renovação).
A8: 7 | B8: Oracle | C8: 1 | D8: Suporte Oracle | E8: Oracle | F8: =IF(G8<=TODAY(),Variaveis!$B$3,IF(G8<=TODAY()+30,Variaveis!$B$2,Variaveis!$B$1)) -> Válida | G8: 48964 | H8: =_xlfn.DAYS(G8,TODAY()) -> 2893 | I8: =DAYS360(TODAY(),G8) -> 2852 | J8: usuario.silveira@email.com | K8: Cancelada | N8: Não foi renovada, Araci esta de acordo.
A9: 8 | B9: Adobe PRO | C9: 1 | D9: Adobe Acrobat | E9: Adobe | F9: =IF(G9<=TODAY(),Variaveis!$B$3,IF(G9<=TODAY()+30,Variaveis!$B$2,Variaveis!$B$1)) -> Válida | G9: 50221 | H9: =_xlfn.DAYS(G9,TODAY()) -> 4150 | I9: =DAYS360(TODAY(),G9) -> 4092 | J9: usuaria.peres@email.com | K9: Ativa

Sheet Certificados
A1: ID | B1: Tipo de Licença | C1: Qtd. Licenças | D1: Fabricante | E1: Responsável emissao | F1: Status | G1: Data do Vencimento | H1: Dias vencimento | I1: Dias vencimento | J1: Responsável | K1: Andamento | L1: Contato
A2: 1 | B2: Certificado A1 | C2: 1 | D2: Certificado | E2: empresa2 | F2: =IF(G2<=TODAY(),Variaveis!$B$3,IF(G2<=TODAY()+30,Variaveis!$B$2,Variaveis!$B$1)) -> Válida | G2: 50221 | H2: =_xlfn.DAYS(G2,TODAY()) -> 4150 | I2: =DAYS360(TODAY(),G2) -> 4092
A3: 2 | B3: Certificado Remote App | C3: 1 | D3: Certificado | E3: empresa1 | F3: =IF(G3<=TODAY(),Variaveis!$B$3,IF(G3<=TODAY()+30,Variaveis!$B$2,Variaveis!$B$1)) -> Válida | G3: 50221 | H3: =_xlfn.DAYS(G3,TODAY()) -> 4150 | I3: =DAYS360(TODAY(),G3) -> 4092

Sheet Dominios
A1: ID | B1: Tipo de Licença | C1: Qtd. Licenças | D1: Fabricante | E1: Responsável | F1: Status | G1: Data do Vencimento | H1: Dias vencimento | I1: Dias vencimento | J1: Responsável | K1: Andamento | L1: Contato
A2: 1 | B2: USED.COM.BR | C2: 1 | D2: RegistroBR | E2: Ti | F2: =IF(G2<=TODAY(),Variaveis!$B$3,IF(G2<=TODAY()+30,Variaveis!$B$2,Variaveis!$B$1)) -> Válida | G2: 47375 | H2: =_xlfn.DAYS(G2,TODAY()) -> 1304 | I2: =DAYS360(TODAY(),G2) -> 1286
A3: 2 | B3: USAS.COM.BR | C3: 1 | D3: RegistroBR | E3: Ti | F3: =IF(G3<=TODAY(),Variaveis!$B$3,IF(G3<=TODAY()+30,Variaveis!$B$2,Variaveis!$B$1)) -> Válida | G3: 47265 | H3: =_xlfn.DAYS(G3,TODAY()) -> 1194 | I3: =DAYS360(TODAY(),G3) -> 1179
A4: 3 | B4: USOS.COM.BR | C4: 1 | D4: RegistroBR | E4: Ti | F4: =IF(G4<=TODAY(),Variaveis!$B$3,IF(G4<=TODAY()+30,Variaveis!$B$2,Variaveis!$B$1)) -> Válida | G4: 47293 | H4: =_xlfn.DAYS(G4,TODAY()) -> 1222 | I4: =DAYS360(TODAY(),G4) -> 1206
A5: 4 | B5: USUS.COM.BR | C5: 1 | D5: RegistroBR | E5: Ti | F5: =IF(G5<=TODAY(),Variaveis!$B$3,IF(G5<=TODAY()+30,Variaveis!$B$2,Variaveis!$B$1)) -> Válida | G5: 46371 | H5: =_xlfn.DAYS(G5,TODAY()) -> 300 | I5: =DAYS360(TODAY(),G5) -> 297

Sheet Variaveis
A1: Statudo | B1: Válida
B2: Vencimento Próximo
B3: Vencida

Sheet DiasParaVencer
A1: Item | B1: Tipo | C1: DiasParaVencer
A2: =Licencas!B2 -> Microsoft Teams | B2: Licença | C2: =Licencas!I2 -> 2852
A3: =Licencas!B3 -> Microsoft Teams | B3: Licença | C3: =Licencas!I3 -> 1482
A4: =Licencas!B4 -> Microsoft Teams | B4: Licença | C4: =Licencas!I4 -> 1132
A5: =Licencas!B5 -> BackupExec | B5: Licença | C5: =Licencas!I5 -> 4092
A6: =Licencas!B6 -> TeamViewer | B6: Licença | C6: =Licencas!I6 -> 4092
A7: =Licencas!B7 -> JivoChaat | B7: Licença | C7: =Licencas!I7 -> 4092
A8: =Licencas!B8 -> Oracle | B8: Licença | C8: =Licencas!I8 -> 2852
A9: Adobe PRO | B9: Licença | C9: =Licencas!I9 -> 4092
A10: =Certificados!B2 -> Certificado A1 | B10: Certiticado | C10: =Certificados!I2 -> 4092
A11: =Certificados!B3 -> Certificado Remote App | B11: Certiticado | C11: =Certificados!I3 -> 4092
A12: =Dominios!B2 -> USED.COM.BR | B12: Dominio | C12: =Dominios!I2 -> 1286
A13: =Dominios!B3 -> USAS.COM.BR | B13: Dominio | C13: =Dominios!I3 -> 1179
A14: =Dominios!B4 -> USOS.COM.BR | B14: Dominio | C14: =Dominios!I4 -> 1206
A15: =Dominios!B5 -> USUS.COM.BR | B15: Dominio | C15: =Dominios!I5 -> 297
